client_id,contract_id,segment,region,debt,monthly_income,profitability,days_past_due,credit_score,collateral_value
C100000,K700000,Mortgage,Siberia,499268.0,55469.0,13239.0,32,850.0,639262.0
C100001,K700001,Premium,Saint Petersburg,861203.0,70472.0,37685.0,7,719.0,1261405.0
C100002,K700002,Mortgage,South,278881.0,45823.0,-11709.0,0,488.0,181136.0
C100003,K700003,SME,Ural,292730.0,39495.0,-40040.0,47,718.0,189702.0
C100004,K700004,Mass,Moscow,297258.0,43343.0,-31208.0,94,693.0,338865.0
C100005,K700005,Car loans,Moscow,133282.0,49729.0,-6680.0,45,694.0,133692.0
C100006,K700006,Mortgage,Siberia,160866.0,39200.0,-10099.0,88,711.0,47395.0
C100007,K700007,Mortgage,Moscow,519877.0,71177.0,3684.0,22,688.0,89576.0
C100008,K700008,Mass,Volga,205941.0,91892.0,-30193.0,36,686.0,144196.0
C100009,K700009,Premium,Far East,380538.0,32397.0,19834.0,2,742.0,343902.0
C100010,K700010,Premium,Moscow,191555.0,66924.0,-45519.0,63,644.0,42512.0
C100011,K700011,Car loans,Moscow,220432.0,59936.0,-53677.0,48,609.0,103435.0
C100012,K700012,SME,Far East,765344.0,77163.0,60498.0,0,850.0,374643.0
C100013,K700013,Mortgage,Ural,168828.0,65787.0,8451.0,4,629.0,70583.0
C100014,K700014,Premium,Moscow,392288.0,34402.0,940.0,29,699.0,289202.0
C100015,K700015,Mass,South,355545.0,37494.0,8369.0,0,563.0,371510.0
C100016,K700016,SME,South,151193.0,67053.0,-19097.0,62,700.0,123226.0
C100017,K700017,Mass,Volga,957768.0,105130.0,15917.0,2,611.0,308718.0
C100018,K700018,Mortgage,Ural,206391.0,24431.0,6101.0,1,652.0,33993.0
C100019,K700019,SME,Saint Petersburg,760023.0,77310.0,39262.0,7,779.0,999425.0
C100020,K700020,Mortgage,Moscow,1199173.0,113021.0,-8270.0,60,730.0,919631.0
C100021,K700021,Premium,Ural,580734.0,61768.0,31092.0,3,738.0,57738.0
C100022,K700022,Car loans,Saint Petersburg,673675.0,84761.0,25060.0,12,539.0,278224.0
C100023,K700023,Car loans,Ural,243391.0,48224.0,-21573.0,62,846.0,313111.0
C100024,K700024,Mortgage,South,575061.0,62711.0,4989.0,3,589.0,691662.0
C100025,K700025,Mass,Moscow,383736.0,31907.0,-1414.0,47,820.0,537732.0
C100026,K700026,Premium,Ural,183469.0,23041.0,17370.0,0,777.0,176743.0
C100027,K700027,Mass,Moscow,890803.0,101138.0,35489.0,33,739.0,602761.0
C100028,K700028,Mass,South,267969.0,42478.0,15318.0,0,617.0,182920.0
C100029,K700029,SME,Saint Petersburg,529223.0,53907.0,39863.0,2,703.0,164271.0
C100030,K700030,Mortgage,Ural,442315.0,35458.0,3488.0,46,650.0,460573.0
C100031,K700031,Car loans,Ural,114524.0,35084.0,-51694.0,60,692.0,107207.0
C100032,K700032,Mass,Volga,228029.0,61192.0,-23021.0,94,669.0,56502.0
C100033,K700033,Premium,Ural,354236.0,47652.0,-19837.0,35,517.0,501974.0
C100034,K700034,Premium,Siberia,533010.0,78440.0,22100.0,5,785.0,314236.0
C100035,K700035,Mass,Ural,631680.0,81117.0,43858.0,2,683.0,50270.0
C100036,K700036,Mass,Siberia,155942.0,76449.0,4032.0,4,649.0,81809.0
C100037,K700037,Premium,Far East,438124.0,73671.0,2208.0,34,642.0,609768.0
C100038,K700038,Mass,Volga,1064986.0,134591.0,39970.0,1,720.0,1562473.0
C100039,K700039,SME,Volga,324858.0,40929.0,1703.0,4,614.0,254896.0
C100040,K700040,Premium,Moscow,563609.0,64555.0,21376.0,0,498.0,862403.0
C100041,K700041,Mortgage,Siberia,1037988.0,110162.0,19088.0,5,725.0,1453585.0
C100042,K700042,Mortgage,Volga,1000281.0,116896.0,21687.0,6,734.0,1320740.0
C100043,K700043,Mass,Volga,355714.0,34899.0,7614.0,6,673.0,489297.0
C100044,K700044,Mortgage,Moscow,481361.0,57494.0,25706.0,1,592.0,294112.0
C100045,K700045,Mortgage,South,903772.0,121924.0,35091.0,16,698.0,1093881.0
C100046,K700046,Premium,Volga,679338.0,83169.0,28379.0,8,566.0,627533.0
C100047,K700047,Mass,Siberia,188796.0,72249.0,852.0,1,603.0,217398.0
C100048,K700048,SME,Moscow,270270.0,59997.0,-9109.0,14,626.0,76880.0
C100049,K700049,Mass,Far East,406505.0,55675.0,38807.0,4,762.0,475704.0
C100050,K700050,Mass,Moscow,836434.0,75335.0,22648.0,2,659.0,1281541.0
C100051,K700051,Mass,Moscow,529805.0,59067.0,9185.0,0,652.0,256564.0
C100052,K700052,Mortgage,South,161930.0,64915.0,18515.0,8,850.0,255503.0
C100053,K700053,SME,South,549454.0,68553.0,-69946.0,95,720.0,332640.0
C100054,K700054,Mortgage,Moscow,192111.0,48770.0,6877.0,0,719.0,61391.0
C100055,K700055,Mortgage,Volga,804940.0,84074.0,51690.0,0,659.0,144614.0
C100056,K700056,Premium,Siberia,2603687.0,245588.0,114978.0,0,639.0,3270072.0
C100057,K700057,SME,South,238777.0,29743.0,-10459.0,8,504.0,211967.0
C100058,K700058,Mass,Volga,612846.0,76558.0,-7056.0,49,772.0,301159.0
C100059,K700059,Mass,Volga,245557.0,47001.0,17496.0,3,728.0,239055.0
C100060,K700060,SME,Siberia,549903.0,85805.0,-13427.0,32,675.0,292198.0
C100061,K700061,Premium,Siberia,743643.0,67572.0,-12990.0,60,678.0,533469.0
C100062,K700062,SME,Siberia,881641.0,93231.0,25019.0,93,753.0,1216896.0
C100063,K700063,Mortgage,Ural,810538.0,112305.0,31200.0,12,558.0,866519.0
C100064,K700064,SME,Moscow,400506.0,72156.0,12766.0,42,640.0,488554.0
C100065,K700065,SME,South,226229.0,110131.0,-30576.0,96,593.0,211205.0
C100066,K700066,SME,South,70810.0,23042.0,-34921.0,47,841.0,112321.0
C100067,K700067,Mass,Siberia,490450.0,135361.0,35307.0,0,764.0,189439.0
C100068,K700068,Mass,Moscow,439253.0,78337.0,16223.0,0,503.0,184339.0
C100069,K700069,Premium,Moscow,1277426.0,107477.0,22188.0,0,561.0,189180.0
C100070,K700070,Mass,Siberia,269692.0,38218.0,-20508.0,63,679.0,239063.0
C100071,K700071,Premium,Moscow,185914.0,45531.0,-8966.0,20,650.0,182451.0
C100072,K700072,Mortgage,Far East,188193.0,70663.0,6214.0,0,577.0,218593.0
C100073,K700073,Mass,Volga,342866.0,65666.0,38522.0,4,850.0,184021.0
C100074,K700074,Mass,Siberia,787153.0,75160.0,37069.0,0,717.0,15437.0
C100075,K700075,Mass,South,616268.0,107800.0,-7110.0,62,730.0,623397.0
C100076,K700076,Mass,Volga,298937.0,29901.0,-7251.0,32,631.0,477675.0
C100077,K700077,SME,Saint Petersburg,1059440.0,102562.0,-24342.0,60,751.0,499292.0
C100078,K700078,SME,Ural,180592.0,66418.0,717.0,6,658.0,53147.0
C100079,K700079,Mortgage,Ural,494772.0,60373.0,21088.0,10,666.0,223057.0
C100080,K700080,SME,Volga,411293.0,34132.0,11603.0,4,742.0,279953.0
C100081,K700081,Premium,Ural,491540.0,82981.0,-58460.0,88,552.0,197334.0
C100082,K700082,Mortgage,South,46006.0,22329.0,-3517.0,22,826.0,25540.0
C100083,K700083,Mass,Volga,1032634.0,88590.0,66347.0,13,706.0,1054454.0
C100084,K700084,Mass,Moscow,379371.0,33811.0,11860.0,14,799.0,209430.0
C100085,K700085,Mass,Volga,490983.0,67782.0,27607.0,0,599.0,311133.0
C100086,K700086,Mortgage,Volga,475060.0,62716.0,-35330.0,92,612.0,30428.0
C100087,K700087,Premium,Moscow,428880.0,112004.0,-1289.0,6,591.0,629899.0
C100088,K700088,Mass,Moscow,641982.0,61060.0,32470.0,34,711.0,417942.0
C100089,K700089,Premium,Siberia,338187.0,48419.0,8532.0,0,696.0,177558.0
C100090,K700090,Mass,Saint Petersburg,98655.0,52682.0,-2576.0,5,651.0,13651.0
C100091,K700091,SME,Far East,1057569.0,117336.0,-17684.0,56,604.0,1073108.0
C100092,K700092,Premium,Saint Petersburg,1007032.0,84232.0,51152.0,4,582.0,1391839.0
C100093,K700093,Premium,Moscow,590816.0,55629.0,23565.0,0,686.0,38902.0
C100094,K700094,Mass,Siberia,270640.0,59492.0,-30093.0,66,650.0,62906.0
C100095,K700095,SME,South,68206.0,32688.0,250.0,2,632.0,15975.0
C100096,K700096,Premium,Saint Petersburg,933427.0,78811.0,33866.0,5,822.0,899487.0
C100097,K700097,Mass,Moscow,353924.0,29974.0,-14086.0,21,683.0,521673.0
C100098,K700098,Mass,Moscow,682763.0,92810.0,44149.0,2,798.0,478227.0
C100099,K700099,Car loans,Volga,600561.0,70114.0,12951.0,0,645.0,330363.0
C100100,K700100,Car loans,Volga,1276291.0,193712.0,46796.0,0,711.0,1563897.0
C100101,K700101,SME,Saint Petersburg,246740.0,40334.0,15820.0,0,685.0,293154.0
C100102,K700102,Mass,Moscow,177796.0,63184.0,509.0,4,546.0,70196.0
C100103,K700103,Car loans,Volga,381134.0,148632.0,-8197.0,35,811.0,98074.0
C100104,K700104,Mortgage,Far East,459237.0,113111.0,19029.0,0,679.0,262911.0
C100105,K700105,Mortgage,Ural,517739.0,48373.0,16870.0,7,753.0,642496.0
C100106,K700106,Premium,Volga,227187.0,73188.0,14073.0,0,626.0,252655.0
C100107,K700107,Mass,Moscow,264506.0,66231.0,1658.0,10,676.0,281796.0
C100108,K700108,Mass,Saint Petersburg,566033.0,75123.0,-5974.0,62,616.0,751174.0
C100109,K700109,Car loans,Saint Petersburg,186827.0,48320.0,16780.0,4,795.0,82841.0
C100110,K700110,Premium,Siberia,209461.0,63564.0,9138.0,2,716.0,113841.0
C100111,K700111,Mass,South,248111.0,32237.0,11495.0,0,721.0,16808.0
C100112,K700112,Mass,South,390208.0,70320.0,20122.0,6,805.0,542386.0
C100113,K700113,SME,Far East,679618.0,81025.0,51874.0,0,788.0,633328.0
C100114,K700114,Mass,Far East,688987.0,59734.0,-4749.0,89,755.0,328644.0
C100115,K700115,Mortgage,Far East,101124.0,31992.0,-40591.0,43,569.0,11231.0
C100116,K700116,Mortgage,Moscow,1192226.0,103243.0,66427.0,6,631.0,1379948.0
C100117,K700117,Mortgage,Moscow,890959.0,77967.0,-49597.0,89,605.0,1067351.0
C100118,K700118,Premium,Saint Petersburg,506880.0,47729.0,41964.0,0,752.0,540276.0
C100119,K700119,SME,Ural,492479.0,58322.0,30797.0,4,705.0,160573.0
C100120,K700120,SME,Moscow,280280.0,33681.0,-61802.0,94,572.0,409530.0
C100121,K700121,SME,South,355868.0,41713.0,-75348.0,91,674.0,428840.0
C100122,K700122,Mass,Ural,472481.0,51947.0,5026.0,7,563.0,497244.0
C100123,K700123,Premium,Volga,193370.0,115012.0,-2634.0,16,685.0,201397.0
C100124,K700124,Mass,Moscow,597424.0,49624.0,14918.0,2,549.0,864456.0
C100125,K700125,Premium,Saint Petersburg,700969.0,88265.0,3852.0,31,735.0,1041143.0
C100126,K700126,Mass,Moscow,524342.0,51935.0,12272.0,27,722.0,499708.0
C100127,K700127,Mass,South,418006.0,73982.0,-17924.0,47,850.0,278673.0
C100128,K700128,Mass,Ural,101605.0,62092.0,-3176.0,22,762.0,59132.0
C100129,K700129,SME,Siberia,696601.0,98015.0,-2438.0,51,654.0,912914.0
C100130,K700130,Mass,Saint Petersburg,368233.0,52017.0,18841.0,17,760.0,379784.0
C100131,K700131,Car loans,Volga,205667.0,32610.0,-25053.0,65,571.0,25426.0
C100132,K700132,SME,Volga,186067.0,35530.0,4063.0,0,608.0,42330.0
C100133,K700133,Mass,Siberia,221266.0,52086.0,11624.0,6,718.0,318689.0
C100134,K700134,SME,Siberia,275462.0,37719.0,1907.0,12,507.0,389833.0
C100135,K700135,Mass,Moscow,447915.0,79586.0,13331.0,17,687.0,682144.0
C100136,K700136,Car loans,Far East,652990.0,53659.0,27370.0,2,603.0,447012.0
C100137,K700137,Premium,Moscow,655396.0,192639.0,29382.0,5,699.0,822193.0
C100138,K700138,Mortgage,South,151864.0,30274.0,-71213.0,93,598.0,201244.0
C100139,K700139,Mass,Moscow,343283.0,72521.0,26781.0,0,726.0,173397.0
C100140,K700140,Premium,Saint Petersburg,297800.0,39832.0,-4284.0,31,692.0,69251.0
C100141,K700141,Premium,South,370552.0,52996.0,3033.0,35,809.0,591120.0
C100142,K700142,Car loans,Moscow,605134.0,70519.0,22478.0,6,691.0,29259.0
C100143,K700143,SME,Volga,277707.0,23239.0,8394.0,0,625.0,265415.0
C100144,K700144,Premium,Volga,341375.0,73613.0,11274.0,6,669.0,355146.0
C100145,K700145,Mass,Saint Petersburg,1420945.0,155797.0,100280.0,0,576.0,1550056.0
C100146,K700146,Mass,Siberia,95799.0,53958.0,4964.0,5,725.0,39182.0
C100147,K700147,Premium,South,326242.0,74378.0,20980.0,2,740.0,376655.0
C100148,K700148,Premium,South,692746.0,104947.0,37057.0,0,850.0,239856.0
C100149,K700149,Mass,Saint Petersburg,113154.0,61465.0,3367.0,0,637.0,150094.0
C100150,K700150,Mortgage,Volga,422581.0,50948.0,-57569.0,62,667.0,148151.0
C100151,K700151,Car loans,Saint Petersburg,212959.0,23764.0,-19544.0,27,641.0,237392.0
C100152,K700152,Mass,Saint Petersburg,857712.0,88296.0,57835.0,3,708.0,1075109.0
C100153,K700153,SME,Moscow,451667.0,62886.0,895.0,31,722.0,136545.0
C100154,K700154,Mass,Far East,341632.0,41952.0,10614.0,2,685.0,130086.0
C100155,K700155,SME,South,410263.0,70050.0,30914.0,11,782.0,511420.0
C100156,K700156,Mass,Siberia,99420.0,50886.0,1605.0,4,638.0,13680.0
C100157,K700157,SME,Volga,135607.0,52167.0,16343.0,4,774.0,41390.0
C100158,K700158,Mortgage,Volga,756704.0,86928.0,46790.0,0,736.0,551523.0
C100159,K700159,Mortgage,Volga,451141.0,36233.0,22619.0,10,689.0,671429.0
C100160,K700160,Mass,Volga,177443.0,106010.0,9276.0,10,663.0,159522.0
C100161,K700161,Car loans,Volga,269299.0,35279.0,20840.0,3,850.0,167042.0
C100162,K700162,Mass,Moscow,479348.0,49108.0,-18383.0,29,621.0,750368.0
C100163,K700163,Mass,Moscow,1665544.0,157208.0,46513.0,46,715.0,1235731.0
C100164,K700164,SME,Far East,823933.0,109898.0,-31223.0,47,626.0,571790.0
C100165,K700165,Premium,Volga,575198.0,69142.0,31357.0,11,842.0,378843.0
C100166,K700166,Mortgage,Far East,397139.0,43337.0,14957.0,19,765.0,198366.0
C100167,K700167,Mortgage,Moscow,570938.0,52147.0,5268.0,11,632.0,297522.0
C100168,K700168,Mass,Ural,194579.0,68389.0,13215.0,1,734.0,214142.0
C100169,K700169,Car loans,Moscow,786579.0,67298.0,51767.0,12,712.0,51393.0
C100170,K700170,Mass,Saint Petersburg,113459.0,63520.0,-367.0,6,646.0,123773.0
C100171,K700171,Premium,Moscow,698154.0,65259.0,-51306.0,92,754.0,224755.0
C100172,K700172,Mass,Moscow,140850.0,60086.0,8788.0,4,723.0,86585.0
C100173,K700173,Car loans,South,125914.0,34583.0,-23611.0,45,708.0,29522.0
C100174,K700174,Mass,Saint Petersburg,80919.0,52448.0,-90614.0,94,686.0,71565.0
C100175,K700175,Mass,Ural,638925.0,99866.0,40312.0,4,727.0,745600.0
C100176,K700176,Premium,Volga,185101.0,35748.0,-45051.0,62,709.0,105035.0
C100177,K700177,Car loans,Volga,202086.0,60761.0,8385.0,4,695.0,52839.0
C100178,K700178,Car loans,Volga,295681.0,45757.0,3374.0,0,636.0,107157.0
C100179,K700179,Mortgage,Moscow,412283.0,69571.0,34924.0,0,834.0,539670.0
C100180,K700180,Car loans,Far East,552444.0,55554.0,5939.0,3,601.0,236578.0
C100181,K700181,Car loans,South,1456854.0,128647.0,-9656.0,96,726.0,1805806.0
C100182,K700182,Premium,Siberia,721275.0,83113.0,27326.0,5,663.0,382217.0
C100183,K700183,Mass,Volga,105186.0,36669.0,15906.0,1,840.0,31763.0
C100184,K700184,Mortgage,Moscow,425086.0,89505.0,5918.0,8,613.0,494670.0
C100185,K700185,SME,South,539175.0,46696.0,9530.0,2,628.0,404204.0
C100186,K700186,Premium,Saint Petersburg,126377.0,51039.0,-34932.0,65,608.0,6324.0
C100187,K700187,Mass,Moscow,455374.0,76208.0,6371.0,94,717.0,699413.0
C100188,K700188,Mortgage,Saint Petersburg,629396.0,53035.0,6932.0,3,573.0,148793.0
C100189,K700189,Mass,Siberia,1182483.0,98892.0,19085.0,41,649.0,668636.0
C100190,K700190,Car loans,Ural,281279.0,46699.0,-1412.0,0,507.0,173175.0
C100191,K700191,Mass,Siberia,442820.0,50085.0,16472.0,1,710.0,346767.0
C100192,K700192,Mass,Siberia,321304.0,49248.0,-33322.0,91,647.0,403786.0
C100193,K700193,Mortgage,Moscow,502138.0,51301.0,6748.0,0,564.0,4893.0
C100194,K700194,Mass,South,200468.0,108514.0,24515.0,1,782.0,299089.0
C100195,K700195,Mass,Volga,270964.0,87812.0,506.0,2,579.0,280064.0
C100196,K700196,SME,Ural,1179305.0,142839.0,54836.0,11,758.0,1793768.0
C100197,K700197,Mortgage,Moscow,745006.0,183586.0,17582.0,14,630.0,974336.0
C100198,K700198,Mass,Far East,367300.0,41613.0,27679.0,8,826.0,545272.0
C100199,K700199,Mass,Saint Petersburg,366335.0,68302.0,17690.0,3,754.0,352268.0
C100200,K700200,Mortgage,Moscow,438601.0,38976.0,24070.0,4,604.0,250746.0
C100201,K700201,Car loans,Volga,490210.0,46634.0,-24078.0,95,612.0,347393.0
C100202,K700202,Premium,Moscow,344919.0,49835.0,1560.0,58,741.0,363149.0
C100203,K700203,Mass,Moscow,411286.0,41121.0,-19232.0,92,668.0,280946.0
C100204,K700204,Mass,Ural,184765.0,41219.0,1929.0,18,676.0,216300.0
C100205,K700205,Mass,Volga,430161.0,62011.0,3449.0,19,798.0,63215.0
C100206,K700206,Mass,South,140546.0,38272.0,-11320.0,46,626.0,186642.0
C100207,K700207,SME,Saint Petersburg,1060336.0,96660.0,32407.0,35,698.0,346414.0
C100208,K700208,Mass,Siberia,462075.0,43783.0,29134.0,13,771.0,697879.0
C100209,K700209,Premium,Volga,2676423.0,234288.0,135124.0,3,759.0,666090.0
C100210,K700210,SME,Ural,602299.0,54007.0,24483.0,13,676.0,124473.0
C100211,K700211,SME,Ural,824010.0,68351.0,19958.0,5,665.0,1070390.0
C100212,K700212,Mass,Volga,148200.0,36942.0,-2370.0,0,542.0,194131.0
C100213,K700213,Mortgage,Far East,1675466.0,142592.0,78853.0,48,600.0,1980426.0
C100214,K700214,Mortgage,Saint Petersburg,852354.0,109510.0,-41613.0,62,717.0,1309939.0
C100215,K700215,Mortgage,Moscow,464931.0,75630.0,9121.0,2,678.0,201252.0
C100216,K700216,Mass,Ural,276644.0,36096.0,22269.0,2,696.0,365900.0
C100217,K700217,Mass,South,383298.0,72751.0,32799.0,6,778.0,215898.0
C100218,K700218,Car loans,Moscow,186725.0,39949.0,-25909.0,47,589.0,160553.0
C100219,K700219,Premium,Volga,530852.0,127779.0,19956.0,4,670.0,378476.0
C100220,K700220,Mass,South,229210.0,95238.0,18505.0,1,706.0,2145.0
C100221,K700221,Premium,Siberia,480915.0,69075.0,10539.0,1,630.0,442028.0
C100222,K700222,SME,Far East,249044.0,22107.0,-27702.0,92,812.0,297859.0
C100223,K700223,Car loans,Volga,358422.0,42509.0,17339.0,8,767.0,100101.0
C100224,K700224,Mass,Ural,652024.0,90174.0,32342.0,48,715.0,971939.0
C100225,K700225,Car loans,Saint Petersburg,709761.0,114210.0,42721.0,47,843.0,602331.0
C100226,K700226,Mass,Far East,720337.0,109003.0,34086.0,0,563.0,205436.0
C100227,K700227,SME,Saint Petersburg,122901.0,32325.0,-17921.0,62,689.0,127020.0
C100228,K700228,SME,Siberia,799737.0,75788.0,29318.0,18,721.0,245580.0
C100229,K700229,Mass,Volga,384806.0,104504.0,-11993.0,33,612.0,39117.0
C100230,K700230,Mass,Ural,294378.0,31374.0,24737.0,3,716.0,322787.0
C100231,K700231,Premium,Siberia,650118.0,65936.0,-4370.0,66,596.0,115144.0
C100232,K700232,Car loans,Volga,585586.0,74849.0,-30645.0,96,749.0,99519.0
C100233,K700233,SME,South,635294.0,57795.0,43149.0,12,780.0,752131.0
C100234,K700234,Car loans,Volga,135188.0,28754.0,11986.0,0,713.0,11940.0
C100235,K700235,Mortgage,Ural,639954.0,57150.0,-22616.0,59,533.0,829144.0
C100236,K700236,Premium,Saint Petersburg,543878.0,57109.0,-44572.0,62,608.0,692812.0
C100237,K700237,Mortgage,Volga,636780.0,61906.0,27036.0,17,738.0,144058.0
C100238,K700238,Mass,Volga,452422.0,51351.0,3490.0,13,692.0,375243.0
C100239,K700239,Mass,Moscow,586009.0,54211.0,-9983.0,2,461.0,90597.0
C100240,K700240,Mortgage,Moscow,807553.0,64999.0,39880.0,1,796.0,817336.0
C100241,K700241,Mortgage,Ural,494329.0,80749.0,-24603.0,94,702.0,49773.0
C100242,K700242,Mass,Ural,603142.0,57700.0,26166.0,5,620.0,911450.0
C100243,K700243,SME,Ural,533271.0,55031.0,11859.0,4,775.0,177243.0
C100244,K700244,SME,Moscow,447092.0,68979.0,-25368.0,34,632.0,488507.0
C100245,K700245,Mortgage,Saint Petersburg,326073.0,27878.0,16884.0,2,631.0,66932.0
C100246,K700246,SME,Moscow,478866.0,82016.0,17434.0,5,720.0,160590.0
C100247,K700247,Premium,Siberia,510717.0,66154.0,45102.0,2,841.0,368492.0
C100248,K700248,Premium,South,179550.0,67364.0,26837.0,14,828.0,164639.0
C100249,K700249,Premium,Saint Petersburg,406156.0,101959.0,13640.0,2,721.0,649111.0
C100250,K700250,SME,Ural,295356.0,27481.0,19208.0,4,729.0,12252.0
C100251,K700251,Mortgage,Moscow,159578.0,27222.0,-135.0,10,757.0,80.0
C100252,K700252,Premium,Saint Petersburg,436732.0,74848.0,8610.0,4,583.0,244826.0
C100253,K700253,Mass,Moscow,277414.0,65960.0,8384.0,15,745.0,162523.0
C100254,K700254,Mass,Saint Petersburg,493473.0,71438.0,17069.0,18,628.0,697840.0
C100255,K700255,Mortgage,Ural,557033.0,53747.0,-22783.0,61,717.0,813342.0
C100256,K700256,Mortgage,South,1012464.0,89229.0,-9380.0,64,671.0,1426400.0
C100257,K700257,Mass,Moscow,228666.0,100678.0,20052.0,3,733.0,52384.0
C100258,K700258,Mass,Volga,643616.0,82272.0,-11383.0,96,700.0,424380.0
C100259,K700259,SME,Siberia,390718.0,58843.0,-1683.0,15,429.0,466289.0
C100260,K700260,Mass,Far East,211638.0,25631.0,15554.0,2,705.0,105857.0
C100261,K700261,Mortgage,Ural,600536.0,93541.0,50974.0,3,745.0,637277.0
C100262,K700262,Mass,Saint Petersburg,674820.0,114666.0,4494.0,48,728.0,256046.0
C100263,K700263,Mass,Ural,591704.0,88437.0,-7646.0,59,681.0,306190.0
C100264,K700264,Car loans,Saint Petersburg,351963.0,44541.0,20782.0,0,830.0,484543.0
C100265,K700265,Mass,Far East,628232.0,89609.0,42688.0,6,716.0,251804.0
C100266,K700266,Mass,Volga,652384.0,97464.0,44012.0,6,727.0,1006575.0
C100267,K700267,Mass,Siberia,1400695.0,133448.0,79483.0,3,779.0,686362.0
C100268,K700268,Mass,Moscow,432831.0,44612.0,8977.0,29,721.0,16294.0
C100269,K700269,Mass,Volga,314049.0,59760.0,17215.0,13,614.0,128082.0
C100270,K700270,Mass,South,954584.0,92621.0,11858.0,5,483.0,261487.0
C100271,K700271,Mass,Ural,739474.0,67903.0,16798.0,35,649.0,599657.0
C100272,K700272,Mass,Volga,127610.0,40023.0,-26857.0,61,755.0,23014.0
C100273,K700273,SME,South,630736.0,79744.0,2277.0,47,660.0,631795.0
C100274,K700274,SME,South,398228.0,85854.0,32927.0,6,758.0,557455.0
C100275,K700275,Premium,Saint Petersburg,663020.0,68843.0,10923.0,19,703.0,384572.0
C100276,K700276,Mass,Volga,301426.0,73044.0,-19705.0,63,799.0,81261.0
C100277,K700277,Premium,Volga,523343.0,58899.0,3109.0,45,665.0,334960.0
C100278,K700278,Mortgage,Ural,554221.0,128698.0,22632.0,7,730.0,696959.0
C100279,K700279,Mortgage,Saint Petersburg,314255.0,44121.0,23065.0,2,733.0,297405.0
C100280,K700280,Mass,Saint Petersburg,606339.0,50803.0,-31229.0,62,818.0,98123.0
C100281,K700281,Mass,South,378671.0,66499.0,19516.0,0,545.0,325468.0
C100282,K700282,Mass,South,1094108.0,98275.0,64092.0,18,651.0,819418.0
C100283,K700283,Mass,South,416793.0,33731.0,20973.0,2,762.0,218141.0
C100284,K700284,SME,Far East,408161.0,36694.0,-18587.0,65,821.0,71941.0
C100285,K700285,Premium,Siberia,87934.0,26450.0,10082.0,1,710.0,138037.0
C100286,K700286,Mass,Siberia,706187.0,67152.0,34775.0,0,665.0,198911.0
C100287,K700287,Premium,Siberia,74155.0,40005.0,2984.0,7,754.0,22869.0
C100288,K700288,Premium,Volga,324270.0,55656.0,26522.0,2,764.0,75533.0
C100289,K700289,Mass,Volga,987155.0,89109.0,44600.0,8,659.0,900590.0
C100290,K700290,Mortgage,Saint Petersburg,449984.0,49578.0,18070.0,2,718.0,319431.0
C100291,K700291,Mass,Ural,540448.0,73429.0,29118.0,5,790.0,215796.0
C100292,K700292,Car loans,Saint Petersburg,333488.0,57832.0,26339.0,16,850.0,229132.0
C100293,K700293,Mass,Saint Petersburg,934384.0,89541.0,16197.0,13,753.0,1006925.0
C100294,K700294,Mortgage,Ural,762510.0,81945.0,-2230.0,92,694.0,343679.0
C100295,K700295,Car loans,Volga,322425.0,48467.0,461.0,9,685.0,472157.0
C100296,K700296,Car loans,Moscow,694148.0,61335.0,44202.0,12,737.0,340239.0
C100297,K700297,Mortgage,South,426475.0,105840.0,430.0,36,680.0,135229.0
C100298,K700298,Mortgage,South,266523.0,78986.0,12704.0,0,706.0,407063.0
C100299,K700299,SME,Moscow,302465.0,35290.0,-11477.0,31,600.0,392266.0
C100300,K700300,Mortgage,Moscow,1083607.0,88879.0,17497.0,58,800.0,594922.0
C100301,K700301,Mass,Saint Petersburg,171392.0,40616.0,1071.0,8,593.0,230744.0
C100302,K700302,SME,Siberia,530563.0,124945.0,24305.0,0,653.0,440422.0
C100303,K700303,Premium,South,318345.0,104909.0,13882.0,4,698.0,176619.0
C100304,K700304,Mortgage,Moscow,826753.0,75391.0,66873.0,1,850.0,1110642.0
C100305,K700305,Premium,Siberia,283408.0,71023.0,1877.0,11,654.0,341071.0
C100306,K700306,Premium,Moscow,423723.0,60231.0,-6050.0,61,633.0,201946.0
C100307,K700307,SME,Volga,1113484.0,89800.0,32088.0,15,643.0,1080843.0
C100308,K700308,Mass,Far East,91482.0,56002.0,7423.0,6,831.0,54068.0
C100309,K700309,Mass,Moscow,560710.0,73571.0,14549.0,0,451.0,944.0
C100310,K700310,Premium,Moscow,698998.0,97965.0,24000.0,34,605.0,1075692.0
C100311,K700311,Premium,Volga,533517.0,51389.0,43947.0,8,850.0,469178.0
C100312,K700312,Mass,Ural,271200.0,50147.0,10742.0,18,740.0,259672.0
C100313,K700313,Premium,South,232486.0,38659.0,-6162.0,35,596.0,223146.0
C100314,K700314,Premium,Far East,137193.0,40986.0,7556.0,0,686.0,120871.0
C100315,K700315,Mass,Moscow,280428.0,29063.0,-9123.0,31,696.0,130140.0
C100316,K700316,Premium,Moscow,931082.0,91897.0,78523.0,3,762.0,1447387.0
C100317,K700317,SME,Siberia,448527.0,149345.0,37926.0,3,846.0,446136.0
C100318,K700318,Mass,Saint Petersburg,732397.0,125668.0,35589.0,2,723.0,786209.0
C100319,K700319,Car loans,South,360412.0,31833.0,12020.0,10,644.0,262260.0
C100320,K700320,Car loans,Ural,140267.0,91691.0,17770.0,1,757.0,64604.0
C100321,K700321,Premium,Moscow,600620.0,125486.0,-14649.0,63,631.0,61839.0
C100322,K700322,Mass,South,409752.0,53876.0,1995.0,16,602.0,229612.0
C100323,K700323,SME,Moscow,358433.0,69262.0,6810.0,4,540.0,100991.0
C100324,K700324,Mortgage,Volga,120435.0,26808.0,-64288.0,62,557.0,127582.0
C100325,K700325,SME,Ural,489472.0,74610.0,-35210.0,61,614.0,688396.0
C100326,K700326,Mortgage,Volga,143377.0,41003.0,-3064.0,4,590.0,69453.0
C100327,K700327,SME,Siberia,530328.0,72391.0,36701.0,5,717.0,282459.0
C100328,K700328,SME,Ural,303953.0,32776.0,9581.0,3,588.0,326015.0
C100329,K700329,Mass,Far East,661338.0,84481.0,-4550.0,18,423.0,157950.0
C100330,K700330,Mortgage,Far East,264860.0,104928.0,-28185.0,47,601.0,393873.0
C100331,K700331,Mass,Volga,501848.0,46517.0,21726.0,8,650.0,292153.0
C100332,K700332,SME,Moscow,135864.0,39671.0,-19030.0,33,639.0,21999.0
C100333,K700333,Mortgage,Siberia,248606.0,25079.0,20159.0,2,819.0,69484.0
C100334,K700334,Mass,Far East,320840.0,58695.0,-13474.0,33,638.0,478820.0
C100335,K700335,SME,Saint Petersburg,514962.0,50934.0,-21106.0,86,765.0,203611.0
C100336,K700336,Mass,Volga,124102.0,32927.0,-6470.0,17,688.0,131502.0
C100337,K700337,Mortgage,Volga,288292.0,81134.0,7593.0,10,686.0,72034.0
C100338,K700338,Mass,Moscow,376526.0,54042.0,16694.0,0,619.0,116935.0
C100339,K700339,Car loans,Ural,75943.0,40779.0,-19116.0,93,685.0,106835.0
C100340,K700340,Mass,Saint Petersburg,205108.0,51557.0,8256.0,5,625.0,48580.0
C100341,K700341,Car loans,Siberia,1014186.0,107161.0,21161.0,0,704.0,30427.0
C100342,K700342,Mortgage,South,929702.0,86797.0,69880.0,0,670.0,745596.0
C100343,K700343,SME,South,149075.0,62410.0,-46050.0,66,610.0,205778.0
C100344,K700344,Mortgage,Volga,979466.0,87430.0,41323.0,5,774.0,510875.0
C100345,K700345,Mortgage,Saint Petersburg,403152.0,39245.0,-4455.0,94,726.0,82670.0
C100346,K700346,Car loans,Siberia,743029.0,67142.0,13070.0,33,652.0,1167722.0
C100347,K700347,Mass,Siberia,649282.0,70707.0,34842.0,14,702.0,703031.0
C100348,K700348,SME,Volga,477533.0,53561.0,3706.0,15,683.0,649973.0
C100349,K700349,Mass,South,585684.0,80495.0,22482.0,0,616.0,704825.0
C100350,K700350,SME,Moscow,404293.0,46574.0,18969.0,16,696.0,451671.0
C100351,K700351,Mass,South,966376.0,83235.0,42491.0,34,637.0,594614.0
C100352,K700352,SME,Moscow,221029.0,84824.0,-66124.0,88,610.0,114702.0
C100353,K700353,SME,Moscow,88557.0,17806.0,-18390.0,22,552.0,101587.0
C100354,K700354,Premium,Volga,259690.0,113056.0,-20037.0,90,660.0,297797.0
C100355,K700355,Premium,Moscow,199681.0,16790.0,-35457.0,91,738.0,303703.0
C100356,K700356,Mortgage,Moscow,320856.0,50150.0,-2449.0,22,631.0,291933.0
C100357,K700357,Mortgage,Moscow,937237.0,104968.0,39696.0,9,850.0,441808.0
C100358,K700358,Premium,Volga,616828.0,57367.0,56111.0,0,765.0,483128.0
C100359,K700359,SME,Siberia,424214.0,34208.0,25461.0,3,801.0,416554.0
C100360,K700360,Car loans,Moscow,132660.0,40450.0,-28914.0,59,758.0,90576.0
C100361,K700361,Mass,Ural,1081359.0,105041.0,79117.0,1,847.0,1368798.0
C100362,K700362,Mass,South,313862.0,27870.0,5105.0,6,623.0,293581.0
C100363,K700363,Mass,Moscow,224096.0,109979.0,-34332.0,30,472.0,3383.0
C100364,K700364,SME,Moscow,632277.0,64551.0,32378.0,0,652.0,576475.0
C100365,K700365,Premium,South,209019.0,38693.0,-75014.0,88,737.0,211896.0
C100366,K700366,Mortgage,South,439491.0,50899.0,17926.0,34,703.0,643599.0
C100367,K700367,SME,Volga,299539.0,41867.0,12223.0,0,713.0,198281.0
C100368,K700368,Mass,South,425756.0,97714.0,29516.0,0,802.0,391333.0
C100369,K700369,Car loans,Moscow,274856.0,92004.0,-14351.0,48,722.0,208889.0
C100370,K700370,Mortgage,Volga,85061.0,30527.0,-20566.0,56,758.0,72357.0
C100371,K700371,Mass,Siberia,145490.0,55182.0,-50913.0,93,610.0,15667.0
C100372,K700372,Premium,Saint Petersburg,382116.0,44872.0,-12800.0,60,597.0,548586.0
C100373,K700373,Mass,Siberia,635438.0,118430.0,31557.0,5,827.0,925617.0
C100374,K700374,Mass,Volga,139954.0,36043.0,-28011.0,48,699.0,122725.0
C100375,K700375,Mass,Siberia,1240910.0,136203.0,70102.0,2,637.0,1105016.0
C100376,K700376,Car loans,Volga,590291.0,65187.0,40422.0,2,637.0,54360.0
C100377,K700377,Premium,Saint Petersburg,291490.0,39227.0,-3226.0,34,635.0,278875.0
C100378,K700378,Premium,Moscow,574932.0,48787.0,27678.0,3,630.0,394773.0
C100379,K700379,Mortgage,Moscow,264777.0,46132.0,-24403.0,33,581.0,300382.0
C100380,K700380,SME,Siberia,398776.0,37288.0,-43761.0,58,562.0,30068.0
C100381,K700381,Car loans,Moscow,160661.0,69056.0,11966.0,0,673.0,182739.0
C100382,K700382,Mortgage,Moscow,367020.0,38080.0,352.0,17,640.0,168473.0
C100383,K700383,Premium,Moscow,306923.0,24806.0,-12116.0,57,784.0,320037.0
C100384,K700384,Premium,Moscow,603115.0,55779.0,28164.0,3,715.0,605167.0
C100385,K700385,Car loans,South,231556.0,29399.0,4159.0,17,713.0,84042.0
C100386,K700386,Mortgage,Volga,395974.0,47171.0,5090.0,11,627.0,279052.0
C100387,K700387,Car loans,Far East,236744.0,43954.0,-66189.0,88,680.0,316530.0
C100388,K700388,Mass,Moscow,401243.0,44710.0,30909.0,2,721.0,388783.0
C100389,K700389,Mortgage,Ural,1624073.0,162825.0,77051.0,57,751.0,178618.0
C100390,K700390,SME,Volga,847077.0,67872.0,7650.0,56,682.0,600285.0
C100391,K700391,Mass,Volga,511145.0,73896.0,7650.0,58,782.0,254977.0
C100392,K700392,SME,South,64689.0,29751.0,2059.0,9,691.0,66412.0
C100393,K700393,SME,Far East,397100.0,49302.0,25120.0,20,757.0,390469.0
C100394,K700394,Mass,South,204804.0,72903.0,-925.0,6,648.0,3407.0
C100395,K700395,Premium,Moscow,174945.0,41729.0,-7838.0,5,536.0,170101.0
C100396,K700396,Mortgage,Moscow,509463.0,99571.0,-1306.0,62,713.0,599006.0
C100397,K700397,Mass,Ural,367475.0,38514.0,13826.0,20,752.0,451983.0
C100398,K700398,Premium,Saint Petersburg,204872.0,58171.0,1045.0,44,739.0,19332.0
C100399,K700399,Premium,Siberia,168929.0,50832.0,5103.0,5,726.0,82075.0
C100400,K700400,Mass,Ural,142116.0,71250.0,-18359.0,49,660.0,95792.0
C100401,K700401,Car loans,Ural,550862.0,49602.0,6813.0,32,621.0,158447.0
C100402,K700402,Mortgage,South,534724.0,58577.0,-20708.0,95,737.0,359962.0
C100403,K700403,Mass,Siberia,115397.0,59501.0,13059.0,0,726.0,13133.0
C100404,K700404,Car loans,Moscow,86121.0,47549.0,-12762.0,22,642.0,15601.0
C100405,K700405,Mortgage,Moscow,629325.0,82314.0,23206.0,17,784.0,673322.0
C100406,K700406,Mass,Ural,339435.0,73664.0,4414.0,15,615.0,142602.0
C100407,K700407,Mortgage,Volga,512741.0,63584.0,16564.0,0,640.0,583627.0
C100408,K700408,Mass,Saint Petersburg,342408.0,54518.0,24446.0,10,829.0,26356.0
C100409,K700409,Car loans,Volga,1103841.0,94698.0,65866.0,1,764.0,993816.0
C100410,K700410,SME,Siberia,277663.0,59509.0,-11266.0,33,660.0,173905.0
C100411,K700411,SME,South,517074.0,57641.0,39189.0,3,714.0,659349.0
C100412,K700412,Mass,Ural,145288.0,69363.0,3294.0,14,703.0,182238.0
C100413,K700413,Car loans,Volga,1705850.0,141983.0,64632.0,31,457.0,1025037.0
C100414,K700414,Mass,Saint Petersburg,444850.0,36201.0,8458.0,0,613.0,443223.0
C100415,K700415,Mass,Volga,901033.0,93567.0,-27352.0,47,686.0,328046.0
C100416,K700416,Mass,Saint Petersburg,186794.0,28228.0,-34364.0,46,660.0,173466.0
C100417,K700417,Mortgage,Ural,286029.0,72968.0,19128.0,1,711.0,37190.0
C100418,K700418,Mass,Ural,1403116.0,134428.0,85433.0,5,786.0,975680.0
C100419,K700419,Car loans,Moscow,791473.0,82446.0,1302.0,63,663.0,231398.0
C100420,K700420,SME,Moscow,281628.0,71452.0,3528.0,3,600.0,398056.0
C100421,K700421,Mass,Moscow,332353.0,51421.0,-27863.0,66,718.0,236583.0
C100422,K700422,Mass,South,442255.0,67102.0,12232.0,9,662.0,418036.0
C100423,K700423,Mass,Ural,625645.0,59076.0,16098.0,8,677.0,360754.0
C100424,K700424,SME,Moscow,419158.0,46458.0,24793.0,0,665.0,193645.0
C100425,K700425,Mortgage,South,498018.0,58079.0,37290.0,34,850.0,161692.0
C100426,K700426,Mass,Volga,625690.0,72350.0,12919.0,2,500.0,912878.0
C100427,K700427,Mortgage,Volga,209671.0,46852.0,5548.0,7,657.0,268200.0
C100428,K700428,Mass,South,257287.0,46036.0,13045.0,3,690.0,54858.0
C100429,K700429,Mortgage,Moscow,71838.0,35878.0,103.0,4,624.0,85829.0
C100430,K700430,Car loans,Moscow,801245.0,78891.0,30468.0,3,766.0,536553.0
C100431,K700431,Mortgage,Ural,529692.0,84575.0,23529.0,15,759.0,13049.0
C100432,K700432,SME,Moscow,464199.0,73442.0,8447.0,30,686.0,392428.0
C100433,K700433,Mortgage,Ural,428974.0,102163.0,15005.0,0,667.0,89258.0
C100434,K700434,Mass,Moscow,261847.0,68840.0,-25383.0,57,680.0,87953.0
C100435,K700435,Mass,Moscow,628815.0,78937.0,24954.0,62,681.0,700290.0
C100436,K700436,Mass,Moscow,307871.0,75866.0,-6353.0,33,683.0,126667.0
C100437,K700437,Premium,Volga,140102.0,63501.0,-64493.0,95,674.0,199929.0
C100438,K700438,Mortgage,Moscow,518118.0,52111.0,30221.0,10,711.0,544786.0
C100439,K700439,SME,Moscow,1011009.0,179220.0,45119.0,63,754.0,1346314.0
C100440,K700440,Mortgage,South,306826.0,53994.0,-37939.0,46,585.0,302010.0
C100441,K700441,Mass,Saint Petersburg,306218.0,49038.0,-2731.0,14,601.0,425692.0
C100442,K700442,Mortgage,Saint Petersburg,841876.0,80443.0,56385.0,0,541.0,487190.0
C100443,K700443,Mass,Moscow,372725.0,74112.0,18342.0,19,764.0,327485.0
C100444,K700444,Mass,Saint Petersburg,345977.0,35166.0,-65395.0,94,711.0,285578.0
C100445,K700445,Mortgage,Saint Petersburg,1297908.0,109667.0,-50827.0,90,733.0,1876860.0
C100446,K700446,Car loans,Ural,556209.0,63425.0,25545.0,10,568.0,146764.0
C100447,K700447,SME,Moscow,250802.0,40138.0,21542.0,0,842.0,231966.0
C100448,K700448,Mass,South,1098798.0,112979.0,-2560.0,44,638.0,1326348.0
C100449,K700449,SME,South,573212.0,87689.0,25231.0,2,704.0,339387.0
C100450,K700450,Mass,Moscow,226941.0,37457.0,20140.0,0,763.0,315024.0
C100451,K700451,Car loans,Moscow,1071535.0,147227.0,36245.0,18,606.0,639517.0
C100452,K700452,Mortgage,Moscow,444580.0,89006.0,-6201.0,93,644.0,123279.0
C100453,K700453,Mass,Ural,174336.0,65868.0,12503.0,7,705.0,162913.0
C100454,K700454,Mass,Moscow,820659.0,135347.0,59859.0,10,850.0,552229.0
C100455,K700455,Mass,South,203487.0,71089.0,20863.0,0,716.0,4946.0
C100456,K700456,Car loans,Siberia,393011.0,65340.0,22076.0,11,827.0,43916.0
C100457,K700457,Premium,South,374915.0,49161.0,26697.0,4,792.0,117140.0
C100458,K700458,Mortgage,Volga,1009183.0,85977.0,10778.0,15,721.0,1242232.0
C100459,K700459,SME,Far East,155673.0,82000.0,3745.0,14,606.0,222186.0
C100460,K700460,SME,Moscow,555264.0,66610.0,24625.0,2,780.0,484760.0
C100461,K700461,Mass,Volga,303065.0,46375.0,11747.0,2,563.0,51189.0
C100462,K700462,Car loans,Saint Petersburg,120868.0,70155.0,-26130.0,47,826.0,103351.0
C100463,K700463,Mass,Far East,272213.0,64125.0,13127.0,1,707.0,372651.0
C100464,K700464,SME,Ural,101798.0,36313.0,-4551.0,4,465.0,122073.0
C100465,K700465,SME,Siberia,132555.0,34122.0,23.0,3,661.0,61738.0
C100466,K700466,SME,Moscow,385728.0,85333.0,-27922.0,58,746.0,76461.0
C100467,K700467,Car loans,Far East,121363.0,20520.0,5317.0,5,670.0,174895.0
C100468,K700468,Mass,Volga,531237.0,72579.0,27586.0,0,751.0,725958.0
C100469,K700469,Premium,Volga,80624.0,53362.0,-50602.0,64,618.0,6929.0
C100470,K700470,Premium,Far East,391102.0,119218.0,20174.0,5,579.0,515425.0
C100471,K700471,Premium,Volga,134034.0,52994.0,1624.0,6,684.0,20848.0
C100472,K700472,Mass,Volga,671879.0,89033.0,37725.0,0,693.0,68030.0
C100473,K700473,Mass,Ural,283372.0,55348.0,-828.0,32,660.0,343946.0
C100474,K700474,Mass,Moscow,524600.0,69646.0,21458.0,35,794.0,450158.0
C100475,K700475,Mass,Saint Petersburg,363222.0,92187.0,-26740.0,50,618.0,240917.0
C100476,K700476,Premium,Moscow,94928.0,53737.0,10867.0,0,717.0,137283.0
C100477,K700477,SME,Moscow,1228371.0,103616.0,23118.0,4,696.0,1649562.0
C100478,K700478,SME,South,113878.0,42312.0,-33469.0,87,558.0,10499.0
C100479,K700479,Premium,Ural,218754.0,75551.0,-29468.0,58,578.0,215634.0
C100480,K700480,Premium,Saint Petersburg,311905.0,100226.0,20270.0,3,691.0,385399.0
C100481,K700481,Mass,Volga,1094858.0,89056.0,22232.0,33,850.0,964334.0
C100482,K700482,SME,Volga,1300117.0,156749.0,6489.0,63,739.0,2044835.0
C100483,K700483,Mass,Ural,385461.0,46932.0,-513.0,17,543.0,423111.0
C100484,K700484,Mass,South,439470.0,35574.0,-20257.0,38,426.0,73228.0
C100485,K700485,Premium,South,104601.0,42300.0,15454.0,2,752.0,33187.0
C100486,K700486,Premium,Volga,1088416.0,89072.0,62922.0,4,682.0,1438878.0
C100487,K700487,Mass,Saint Petersburg,309978.0,82790.0,24820.0,1,787.0,494356.0
C100488,K700488,SME,Volga,578809.0,69287.0,11565.0,3,615.0,91071.0
C100489,K700489,SME,Ural,244353.0,39921.0,-32533.0,90,720.0,39225.0
C100490,K700490,Mortgage,Volga,534807.0,93441.0,38256.0,30,762.0,653224.0
C100491,K700491,SME,Ural,447845.0,38135.0,6005.0,46,652.0,46113.0
C100492,K700492,SME,Ural,350190.0,111472.0,6574.0,0,654.0,38415.0
C100493,K700493,Mass,Saint Petersburg,2984657.0,239390.0,-13478.0,96,692.0,4244500.0
C100494,K700494,Mortgage,Saint Petersburg,442482.0,78034.0,25665.0,0,736.0,566695.0
C100495,K700495,SME,Volga,742957.0,86025.0,8604.0,91,689.0,1047942.0
C100496,K700496,Premium,Moscow,643899.0,53009.0,27181.0,3,773.0,670184.0
C100497,K700497,SME,Moscow,62519.0,29302.0,518.0,1,651.0,32263.0
C100498,K700498,Premium,Siberia,587842.0,50452.0,20433.0,0,577.0,852430.0
C100499,K700499,Premium,Volga,313439.0,40465.0,-5630.0,44,850.0,149811.0
C100500,K700500,Mortgage,Moscow,319115.0,34505.0,9022.0,0,639.0,140671.0
C100501,K700501,Car loans,Ural,451177.0,143640.0,26718.0,6,642.0,639878.0
C100502,K700502,Car loans,Siberia,551189.0,74816.0,29538.0,10,684.0,600419.0
C100503,K700503,Premium,Saint Petersburg,699329.0,78500.0,-15691.0,41,696.0,1002191.0
C100504,K700504,Premium,South,375354.0,57581.0,11514.0,8,657.0,93629.0
C100505,K700505,Mortgage,South,196197.0,61219.0,3766.0,4,689.0,298940.0
C100506,K700506,Mass,Ural,427467.0,102135.0,11889.0,1,687.0,419083.0
C100507,K700507,Mortgage,Ural,710734.0,65215.0,38090.0,0,705.0,759672.0
C100508,K700508,Premium,Moscow,157889.0,84020.0,-24312.0,42,490.0,230912.0
C100509,K700509,Mass,Far East,563288.0,60585.0,-3083.0,49,850.0,343158.0
C100510,K700510,Mass,Volga,708719.0,56728.0,49550.0,1,677.0,815962.0
C100511,K700511,Mortgage,South,55591.0,35133.0,-15090.0,45,739.0,56955.0
C100512,K700512,Mass,Ural,88900.0,27174.0,435.0,1,573.0,112050.0
C100513,K700513,Mass,Moscow,524451.0,58824.0,14389.0,33,650.0,752644.0
C100514,K700514,Mass,Moscow,146603.0,67875.0,2456.0,1,633.0,159518.0
C100515,K700515,Mass,Siberia,296303.0,37095.0,33078.0,1,815.0,32067.0
C100516,K700516,Mass,Ural,587941.0,65153.0,6235.0,6,640.0,172281.0
C100517,K700517,Mortgage,Moscow,540268.0,67791.0,29498.0,4,754.0,824646.0
C100518,K700518,Mass,Siberia,138362.0,25079.0,-17259.0,50,635.0,214439.0
C100519,K700519,Mortgage,South,401972.0,43835.0,-19574.0,90,652.0,622197.0
C100520,K700520,Mortgage,Volga,638808.0,79481.0,27620.0,59,669.0,37612.0
C100521,K700521,Premium,Volga,298032.0,78761.0,19012.0,5,799.0,182371.0
C100522,K700522,Mass,Moscow,302955.0,39373.0,-10727.0,19,529.0,368235.0
C100523,K700523,SME,Siberia,795964.0,71062.0,3275.0,6,578.0,958832.0
C100524,K700524,Mass,Saint Petersburg,926182.0,104829.0,-19167.0,46,524.0,127308.0
C100525,K700525,Premium,South,627976.0,93872.0,11301.0,11,598.0,612391.0
C100526,K700526,Car loans,Volga,319343.0,63394.0,9451.0,10,621.0,72999.0
C100527,K700527,Car loans,Ural,131053.0,53606.0,-3554.0,3,553.0,103419.0
C100528,K700528,Mortgage,Saint Petersburg,208920.0,49851.0,9410.0,7,628.0,80120.0
C100529,K700529,Mass,Moscow,132565.0,81676.0,-21995.0,21,519.0,11276.0
C100530,K700530,SME,Siberia,892409.0,72243.0,13233.0,32,603.0,114256.0
C100531,K700531,Mortgage,Volga,346715.0,87836.0,15455.0,10,792.0,505312.0
C100532,K700532,Premium,Volga,734725.0,70217.0,-39175.0,59,724.0,875376.0
C100533,K700533,SME,Far East,320911.0,95649.0,-28860.0,58,706.0,478452.0
C100534,K700534,Mass,Far East,318980.0,69049.0,8372.0,4,605.0,239868.0
C100535,K700535,Mass,South,574682.0,94194.0,-6590.0,93,559.0,380019.0
C100536,K700536,Premium,Moscow,496284.0,97916.0,19156.0,0,593.0,284595.0
C100537,K700537,Mass,Ural,473706.0,46072.0,-55907.0,89,686.0,467117.0
C100538,K700538,Mass,South,352964.0,29329.0,20651.0,4,764.0,198540.0
C100539,K700539,Mortgage,Volga,1474837.0,132531.0,94425.0,15,767.0,1761010.0
C100540,K700540,Car loans,Moscow,236883.0,74273.0,24507.0,0,744.0,303710.0
C100541,K700541,SME,South,307253.0,30592.0,664.0,12,627.0,430569.0
C100542,K700542,Mortgage,Volga,150091.0,47992.0,9614.0,3,692.0,58308.0
C100543,K700543,Car loans,Ural,1081418.0,93652.0,8230.0,51,663.0,911890.0
C100544,K700544,Mass,Far East,419897.0,58346.0,16121.0,3,673.0,150118.0
C100545,K700545,Premium,Ural,273286.0,52553.0,13449.0,62,850.0,16422.0
C100546,K700546,Premium,Volga,401128.0,124293.0,-23041.0,94,540.0,454286.0
C100547,K700547,Mass,Saint Petersburg,67321.0,41304.0,-13361.0,18,670.0,59133.0
C100548,K700548,Mortgage,Volga,195324.0,46204.0,15774.0,17,793.0,226241.0
C100549,K700549,Premium,Moscow,840858.0,72775.0,36344.0,34,565.0,117885.0
C100550,K700550,Premium,Siberia,810109.0,78882.0,51139.0,0,635.0,1290376.0
C100551,K700551,Mass,South,1006649.0,82731.0,25199.0,45,645.0,1601536.0
C100552,K700552,Mass,Saint Petersburg,260092.0,99714.0,17291.0,0,671.0,193508.0
C100553,K700553,Car loans,Saint Petersburg,579859.0,72356.0,480.0,34,554.0,803507.0
C100554,K700554,Mass,South,356997.0,82473.0,22161.0,0,741.0,139125.0
C100555,K700555,Mass,Moscow,440017.0,58886.0,-21581.0,50,747.0,519267.0
C100556,K700556,Mass,Volga,342027.0,68065.0,-24128.0,49,733.0,481150.0
C100557,K700557,Premium,Volga,320738.0,69452.0,19853.0,3,616.0,418071.0
C100558,K700558,SME,Siberia,569485.0,72896.0,33907.0,30,697.0,739669.0
C100559,K700559,Premium,Moscow,329426.0,93680.0,8703.0,6,614.0,244053.0
C100560,K700560,Mass,Ural,565807.0,84950.0,16350.0,4,662.0,742330.0
C100561,K700561,Mass,Volga,584487.0,67501.0,50477.0,16,850.0,645933.0
C100562,K700562,Mortgage,Ural,133793.0,45977.0,-33344.0,95,698.0,28354.0
C100563,K700563,SME,Moscow,800631.0,68217.0,39261.0,5,589.0,146271.0
C100564,K700564,SME,Volga,461509.0,65342.0,-50095.0,93,705.0,569998.0
C100565,K700565,SME,Volga,758969.0,72181.0,-43698.0,64,575.0,759533.0
C100566,K700566,Mortgage,Moscow,1552615.0,178606.0,30594.0,17,588.0,1290226.0
C100567,K700567,Mass,Moscow,486699.0,52277.0,-4838.0,33,602.0,706501.0
C100568,K700568,Premium,Moscow,750383.0,80020.0,7911.0,7,652.0,791913.0
C100569,K700569,SME,Saint Petersburg,1190760.0,107024.0,50048.0,3,770.0,754745.0
C100570,K700570,Mass,Moscow,570505.0,69155.0,-1264.0,20,739.0,377840.0
C100571,K700571,Mortgage,Far East,864093.0,189478.0,-82.0,62,734.0,836780.0
C100572,K700572,Premium,Volga,144831.0,55820.0,-778.0,4,597.0,176178.0
C100573,K700573,Mortgage,Siberia,625408.0,76561.0,-16107.0,45,644.0,564722.0
C100574,K700574,Mortgage,Far East,103000.0,46191.0,-21882.0,45,713.0,83844.0
C100575,K700575,Premium,Moscow,234672.0,56490.0,-7933.0,46,637.0,272933.0
C100576,K700576,Car loans,Ural,160448.0,74015.0,6565.0,5,666.0,181053.0
C100577,K700577,SME,South,729972.0,96842.0,24366.0,2,728.0,969808.0
C100578,K700578,Mortgage,Ural,249312.0,76389.0,-1234.0,10,660.0,24952.0
C100579,K700579,Mass,Volga,957899.0,116611.0,-3081.0,58,709.0,1157069.0
C100580,K700580,Premium,Volga,646680.0,63403.0,-29670.0,89,825.0,531582.0
C100581,K700581,SME,Moscow,600651.0,56984.0,15945.0,6,675.0,71783.0
C100582,K700582,Mass,Volga,1095856.0,223417.0,31914.0,94,790.0,1190556.0
C100583,K700583,Premium,Far East,595662.0,79016.0,7115.0,18,738.0,682905.0
C100584,K700584,Car loans,Far East,368262.0,47869.0,14997.0,9,565.0,308531.0
C100585,K700585,SME,Moscow,324472.0,48416.0,3916.0,1,596.0,412105.0
C100586,K700586,Mass,Siberia,376937.0,43295.0,-1563.0,31,619.0,181079.0
C100587,K700587,Mass,Saint Petersburg,384362.0,100857.0,-11293.0,34,617.0,124169.0
C100588,K700588,Mass,South,689226.0,56164.0,-33070.0,87,682.0,386776.0
C100589,K700589,Mass,Moscow,180712.0,70074.0,-345.0,47,742.0,118562.0
C100590,K700590,Car loans,South,683032.0,64307.0,51892.0,3,797.0,760552.0
C100591,K700591,Premium,South,738952.0,91966.0,21618.0,20,716.0,999678.0
C100592,K700592,Mass,Moscow,189563.0,45205.0,-18566.0,44,652.0,218655.0
C100593,K700593,SME,Moscow,395684.0,40782.0,-6870.0,11,513.0,110151.0
C100594,K700594,Mass,South,177822.0,73199.0,-3237.0,10,696.0,104194.0
C100595,K700595,Mass,Moscow,868803.0,86719.0,35625.0,66,692.0,220208.0
C100596,K700596,Mortgage,Volga,614035.0,76852.0,3224.0,32,706.0,674676.0
C100597,K700597,SME,South,124958.0,45970.0,4845.0,31,850.0,49618.0
C100598,K700598,Car loans,Ural,213136.0,89758.0,13474.0,12,795.0,179166.0
C100599,K700599,SME,Volga,462069.0,47347.0,33109.0,3,757.0,585408.0
C100600,K700600,Premium,Volga,247113.0,52329.0,-4030.0,16,608.0,265277.0
C100601,K700601,Mortgage,Moscow,488186.0,43270.0,-64798.0,92,646.0,233059.0
C100602,K700602,Car loans,Far East,1174462.0,118839.0,60163.0,27,682.0,625503.0
C100603,K700603,Mortgage,Saint Petersburg,807802.0,87995.0,21512.0,45,624.0,844462.0
C100604,K700604,Car loans,Moscow,396565.0,86877.0,32768.0,5,733.0,348639.0
C100605,K700605,Mortgage,Saint Petersburg,1078502.0,115988.0,-22200.0,95,720.0,166337.0
C100606,K700606,Mortgage,Far East,2798845.0,234613.0,56435.0,0,597.0,3913867.0
C100607,K700607,Mass,Moscow,76879.0,30664.0,-33333.0,89,792.0,63055.0
C100608,K700608,Mortgage,South,241487.0,47464.0,15303.0,10,699.0,182897.0
C100609,K700609,Premium,Siberia,204670.0,50147.0,-95348.0,93,543.0,64983.0
C100610,K700610,SME,South,262870.0,45122.0,-52958.0,59,686.0,158561.0
C100611,K700611,SME,Far East,393827.0,40745.0,-8921.0,44,714.0,209721.0
C100612,K700612,Car loans,South,388385.0,57824.0,-52638.0,91,773.0,168239.0
C100613,K700613,Car loans,Far East,297697.0,38274.0,-528.0,31,661.0,270264.0
C100614,K700614,Mass,Moscow,381287.0,76939.0,14457.0,63,760.0,282015.0
C100615,K700615,Mortgage,Siberia,206857.0,67729.0,6529.0,1,706.0,294299.0
C100616,K700616,Mortgage,Volga,364497.0,82163.0,883.0,3,578.0,548987.0
C100617,K700617,Mass,Volga,911097.0,83156.0,2379.0,16,570.0,319939.0
C100618,K700618,Mass,South,705380.0,86799.0,17939.0,63,785.0,112980.0
C100619,K700619,Mass,Far East,316479.0,55936.0,-14357.0,47,792.0,397669.0
C100620,K700620,Mortgage,Siberia,1751218.0,171874.0,93218.0,16,717.0,2787551.0
C100621,K700621,Premium,Volga,162437.0,73533.0,14402.0,12,817.0,224449.0
C100622,K700622,Car loans,Volga,122864.0,28621.0,-410.0,33,780.0,4658.0
C100623,K700623,Premium,Volga,169904.0,42148.0,-30458.0,64,748.0,68305.0
C100624,K700624,Car loans,Saint Petersburg,373082.0,30236.0,-51068.0,61,613.0,25872.0
C100625,K700625,Premium,Volga,618013.0,66689.0,33726.0,0,837.0,811604.0
C100626,K700626,Mortgage,Moscow,519656.0,62642.0,23011.0,14,736.0,483411.0
C100627,K700627,Mass,Moscow,83331.0,53595.0,-2896.0,10,657.0,68494.0
C100628,K700628,SME,Siberia,576933.0,163557.0,20014.0,41,633.0,511809.0
C100629,K700629,Mortgage,Volga,719311.0,84715.0,22316.0,15,712.0,290546.0
C100630,K700630,Car loans,South,520817.0,91743.0,-46933.0,88,548.0,501350.0
C100631,K700631,Mortgage,Ural,507775.0,43522.0,32527.0,9,749.0,24915.0
C100632,K700632,Mass,Moscow,418374.0,42209.0,-3432.0,31,609.0,432439.0
C100633,K700633,Premium,Moscow,431994.0,67276.0,32712.0,4,722.0,507634.0
C100634,K700634,Mass,Moscow,697026.0,71529.0,-79937.0,95,646.0,750587.0
C100635,K700635,Mass,Far East,350985.0,28700.0,21685.0,3,668.0,186509.0
C100636,K700636,SME,Moscow,400910.0,61014.0,21792.0,2,626.0,530011.0
C100637,K700637,Mortgage,Volga,570546.0,66592.0,3351.0,57,676.0,653201.0
C100638,K700638,Mortgage,South,697073.0,60065.0,-43158.0,89,850.0,143092.0
C100639,K700639,Mortgage,Far East,194359.0,45889.0,15918.0,10,808.0,60685.0
C100640,K700640,Mortgage,Moscow,584065.0,51907.0,23964.0,8,720.0,595380.0
C100641,K700641,Mortgage,Moscow,157233.0,61109.0,3613.0,4,688.0,72809.0
C100642,K700642,Mass,Moscow,595076.0,68931.0,-10842.0,93,762.0,113715.0
C100643,K700643,Mass,Moscow,878352.0,86869.0,49445.0,0,786.0,217788.0
C100644,K700644,SME,Moscow,889038.0,107623.0,47869.0,0,619.0,235584.0
C100645,K700645,Mortgage,Ural,402887.0,57962.0,4036.0,11,683.0,307993.0
C100646,K700646,Mass,South,446809.0,53892.0,9237.0,1,535.0,434216.0
C100647,K700647,Premium,Volga,255286.0,80575.0,30961.0,0,785.0,72053.0
C100648,K700648,SME,Ural,337212.0,87106.0,7218.0,35,850.0,384420.0
C100649,K700649,Mass,Moscow,243228.0,54427.0,-31561.0,44,697.0,109360.0
C100650,K700650,Premium,Siberia,762625.0,94436.0,30694.0,0,509.0,380163.0
C100651,K700651,Car loans,Ural,654080.0,102828.0,4336.0,47,742.0,233898.0
C100652,K700652,SME,South,495725.0,118333.0,-1228.0,33,613.0,622794.0
C100653,K700653,Mass,Far East,1651400.0,147303.0,103372.0,2,634.0,2536059.0
C100654,K700654,Mortgage,Saint Petersburg,251508.0,44807.0,-9841.0,43,743.0,198188.0
C100655,K700655,Mass,Moscow,426573.0,66586.0,303.0,20,712.0,28687.0
C100656,K700656,Mortgage,Moscow,399494.0,66508.0,22.0,60,649.0,166553.0
C100657,K700657,Mass,Volga,221686.0,63314.0,13145.0,1,635.0,56060.0
C100658,K700658,SME,Far East,471723.0,49406.0,24787.0,4,701.0,636081.0
C100659,K700659,Premium,Volga,218151.0,33911.0,9796.0,0,655.0,29618.0
C100660,K700660,Mass,Siberia,115821.0,68989.0,-1552.0,1,596.0,179101.0
C100661,K700661,Car loans,Volga,566813.0,46828.0,-54106.0,60,662.0,533724.0
C100662,K700662,Mass,Moscow,720381.0,68782.0,7981.0,52,719.0,596752.0
C100663,K700663,Mass,Saint Petersburg,437864.0,46290.0,23609.0,16,675.0,593639.0
C100664,K700664,Mass,Ural,446183.0,40342.0,-6951.0,18,570.0,19666.0
C100665,K700665,Mortgage,Ural,843736.0,73529.0,-16171.0,59,774.0,1049139.0
C100666,K700666,Mortgage,Volga,369146.0,70821.0,-9780.0,9,457.0,68870.0
C100667,K700667,Car loans,Moscow,705956.0,85877.0,13900.0,3,652.0,949684.0
C100668,K700668,Mass,Siberia,1450464.0,176953.0,80800.0,4,637.0,1228082.0
C100669,K700669,Premium,Moscow,332867.0,74965.0,19421.0,1,703.0,32557.0
C100670,K700670,Mass,South,324435.0,82313.0,-3060.0,31,738.0,432534.0
C100671,K700671,SME,Moscow,112170.0,40745.0,6867.0,10,786.0,4902.0
C100672,K700672,Car loans,Moscow,324559.0,37082.0,20679.0,5,629.0,71855.0
C100673,K700673,Mortgage,Volga,1361136.0,134898.0,34218.0,5,740.0,1737516.0
C100674,K700674,SME,Volga,431054.0,43671.0,-41312.0,93,707.0,320615.0
C100675,K700675,Premium,Volga,205963.0,41366.0,-71277.0,86,545.0,290454.0
C100676,K700676,Car loans,Volga,244325.0,65017.0,21969.0,3,850.0,248402.0
C100677,K700677,Premium,Far East,412353.0,63539.0,6824.0,5,568.0,411382.0
C100678,K700678,Mass,Volga,331296.0,44085.0,19196.0,4,726.0,154906.0
C100679,K700679,Premium,Volga,669732.0,57686.0,-18318.0,58,723.0,143248.0
C100680,K700680,Mass,Volga,1279830.0,115061.0,34294.0,5,713.0,1968220.0
C100681,K700681,Mass,Moscow,533012.0,46042.0,-9693.0,63,648.0,89373.0
C100682,K700682,Mass,Ural,383574.0,35343.0,8880.0,29,760.0,324664.0
C100683,K700683,Premium,Moscow,1224736.0,101131.0,40119.0,22,557.0,534119.0
C100684,K700684,SME,Ural,546728.0,82581.0,28960.0,2,684.0,231061.0
C100685,K700685,Mass,Moscow,101210.0,50049.0,1145.0,7,642.0,96285.0
C100686,K700686,Premium,Far East,78546.0,32468.0,-1337.0,4,632.0,100279.0
C100687,K700687,Car loans,Volga,274190.0,47331.0,9842.0,20,726.0,340952.0
C100688,K700688,Mortgage,South,279848.0,64562.0,23205.0,0,782.0,389012.0
C100689,K700689,SME,Volga,376727.0,111810.0,16627.0,0,661.0,176551.0
C100690,K700690,Mass,Moscow,497435.0,41504.0,23758.0,0,756.0,370690.0
C100691,K700691,Car loans,South,232488.0,63702.0,-12805.0,46,694.0,3472.0
C100692,K700692,Mass,Ural,1080724.0,89663.0,-14204.0,87,614.0,1291435.0
C100693,K700693,Mass,Siberia,223656.0,22662.0,3243.0,10,668.0,108193.0
C100694,K700694,Car loans,Volga,900930.0,105367.0,32319.0,14,665.0,809386.0
C100695,K700695,Premium,Ural,347324.0,38867.0,-30545.0,96,631.0,94083.0
C100696,K700696,Mortgage,South,395404.0,76834.0,-1485.0,17,726.0,518390.0
C100697,K700697,SME,Ural,636675.0,73940.0,-1075.0,29,710.0,832539.0
C100698,K700698,SME,Saint Petersburg,383090.0,107803.0,10837.0,4,555.0,537829.0
C100699,K700699,Mass,Ural,1001762.0,84789.0,36011.0,15,550.0,73629.0
C100700,K700700,Mass,Ural,109417.0,22702.0,6320.0,14,726.0,173747.0
C100701,K700701,Mass,Far East,200205.0,46483.0,-8029.0,46,621.0,79371.0
C100702,K700702,Mass,Volga,656483.0,70417.0,27910.0,32,716.0,325021.0
C100703,K700703,Mortgage,Volga,528602.0,60613.0,38333.0,14,756.0,210879.0
C100704,K700704,Mass,South,530311.0,82037.0,7205.0,0,582.0,227001.0
C100705,K700705,SME,Volga,798265.0,94392.0,-47007.0,92,570.0,705872.0
C100706,K700706,Mortgage,Siberia,283174.0,87012.0,-19092.0,63,832.0,108653.0
C100707,K700707,Mortgage,Volga,535189.0,60089.0,30606.0,0,720.0,337187.0
C100708,K700708,Premium,Moscow,129059.0,28829.0,7281.0,3,654.0,135379.0
C100709,K700709,Premium,Siberia,242650.0,53908.0,-37907.0,89,611.0,324579.0
C100710,K700710,Car loans,Moscow,262085.0,79807.0,10021.0,3,647.0,290491.0
C100711,K700711,SME,Moscow,208876.0,40510.0,-32094.0,60,589.0,198624.0
C100712,K700712,Mortgage,Ural,452188.0,87910.0,-18446.0,47,765.0,106882.0
C100713,K700713,Car loans,Siberia,646908.0,99586.0,-57608.0,61,624.0,844723.0
C100714,K700714,Mortgage,South,251835.0,70059.0,17947.0,2,783.0,15019.0
C100715,K700715,Mass,Saint Petersburg,60393.0,16669.0,-1310.0,6,656.0,25529.0
C100716,K700716,SME,Moscow,277703.0,37230.0,96.0,14,601.0,25353.0
C100717,K700717,Mass,Far East,451154.0,154629.0,2531.0,63,654.0,481781.0
C100718,K700718,SME,Moscow,469725.0,51744.0,12223.0,0,467.0,276853.0
C100719,K700719,Car loans,Moscow,321993.0,27096.0,19007.0,2,680.0,335928.0
C100720,K700720,Premium,Saint Petersburg,714664.0,115366.0,9354.0,5,676.0,396817.0
C100721,K700721,Premium,Volga,759707.0,66570.0,-5935.0,51,760.0,553967.0
C100722,K700722,Mass,South,280852.0,108795.0,-40562.0,90,530.0,205791.0
C100723,K700723,Car loans,Siberia,147849.0,74954.0,17632.0,1,789.0,10782.0
C100724,K700724,Mass,Siberia,767419.0,81337.0,36566.0,5,760.0,528262.0
C100725,K700725,Mass,Moscow,769098.0,77913.0,25277.0,5,796.0,788866.0
C100726,K700726,Mass,Saint Petersburg,975758.0,90569.0,32004.0,65,686.0,852504.0
C100727,K700727,Mass,Volga,391843.0,184397.0,28706.0,8,776.0,47199.0
C100728,K700728,Premium,Moscow,1029030.0,102432.0,31486.0,0,565.0,1099919.0
C100729,K700729,Premium,Saint Petersburg,183334.0,32495.0,9756.0,1,751.0,90600.0
C100730,K700730,Mass,Saint Petersburg,391300.0,80902.0,-14007.0,19,624.0,9037.0
C100731,K700731,Mass,Moscow,376397.0,110599.0,5790.0,4,550.0,93705.0
C100732,K700732,Mass,Ural,1416117.0,113688.0,92378.0,5,594.0,1127364.0
C100733,K700733,Premium,Siberia,120165.0,54613.0,-26085.0,57,690.0,59679.0
C100734,K700734,Mass,Moscow,1184468.0,111773.0,33272.0,9,620.0,1315959.0
C100735,K700735,SME,Volga,857344.0,100457.0,53462.0,1,722.0,330117.0
C100736,K700736,Mass,Siberia,2018624.0,210583.0,112193.0,47,536.0,2495976.0
C100737,K700737,Mass,Siberia,440482.0,47217.0,-29703.0,44,509.0,201901.0
C100738,K700738,Premium,South,576280.0,52663.0,41346.0,6,807.0,572466.0
C100739,K700739,Premium,Volga,203048.0,57656.0,8195.0,5,767.0,259647.0
C100740,K700740,Mass,South,80089.0,53072.0,-738.0,0,601.0,49406.0
C100741,K700741,Mass,Saint Petersburg,358380.0,44333.0,-24202.0,43,690.0,26838.0
C100742,K700742,Mortgage,Saint Petersburg,102931.0,19088.0,1528.0,32,777.0,88182.0
C100743,K700743,Mass,Moscow,155714.0,54414.0,-9134.0,47,726.0,247999.0
C100744,K700744,Premium,Volga,277190.0,78136.0,9839.0,30,703.0,429752.0
C100745,K700745,Premium,Volga,272910.0,53000.0,11014.0,10,783.0,96511.0
C100746,K700746,Mass,Saint Petersburg,359270.0,158090.0,-3510.0,15,628.0,434399.0
C100747,K700747,Premium,Siberia,141533.0,66571.0,-676.0,44,693.0,78115.0
C100748,K700748,Mortgage,Saint Petersburg,1369452.0,118298.0,51671.0,3,688.0,351177.0
C100749,K700749,Mortgage,Saint Petersburg,367183.0,74432.0,-26760.0,88,667.0,391220.0
C100750,K700750,Mass,Moscow,1180977.0,95979.0,17530.0,59,657.0,946423.0
C100751,K700751,Mass,Volga,908478.0,75031.0,-15823.0,56,696.0,783807.0
C100752,K700752,Mass,Saint Petersburg,375899.0,122511.0,-13517.0,91,693.0,497626.0
C100753,K700753,Premium,Saint Petersburg,635434.0,67858.0,5900.0,3,601.0,342162.0
C100754,K700754,SME,Moscow,670789.0,82723.0,42243.0,0,758.0,715968.0
C100755,K700755,Mass,Siberia,709848.0,78030.0,23400.0,10,607.0,415904.0
C100756,K700756,Mass,South,148677.0,58120.0,-6582.0,41,671.0,10163.0
C100757,K700757,Car loans,Volga,283785.0,79399.0,-36001.0,49,665.0,171640.0
C100758,K700758,Mass,Ural,423757.0,180859.0,26188.0,6,720.0,644134.0
C100759,K700759,Premium,South,477243.0,58590.0,16335.0,5,510.0,369014.0
C100760,K700760,Mortgage,Far East,987187.0,79918.0,41071.0,12,766.0,170950.0
C100761,K700761,Mass,Ural,1036263.0,116541.0,-32780.0,66,632.0,1140431.0
C100762,K700762,Mass,South,1030035.0,110538.0,66724.0,4,794.0,1587703.0
C100763,K700763,Mass,South,820233.0,66521.0,38022.0,3,649.0,1191563.0
C100764,K700764,Car loans,Siberia,202812.0,22640.0,9251.0,4,686.0,185601.0
C100765,K700765,Mass,Volga,162143.0,83493.0,-33798.0,58,850.0,97618.0
C100766,K700766,Mass,Moscow,269006.0,24373.0,11795.0,12,666.0,249929.0
C100767,K700767,Mass,Moscow,706658.0,128216.0,33236.0,0,795.0,922535.0
C100768,K700768,Mass,Volga,110550.0,71415.0,10445.0,0,693.0,152336.0
C100769,K700769,SME,Volga,734591.0,103762.0,25762.0,0,725.0,962425.0
C100770,K700770,Mass,Volga,520613.0,44093.0,17634.0,6,696.0,379403.0
C100771,K700771,SME,Ural,142500.0,32905.0,-81830.0,88,762.0,27100.0
C100772,K700772,SME,Ural,513923.0,74410.0,9688.0,17,632.0,468018.0
C100773,K700773,Mortgage,South,222358.0,65178.0,-40564.0,60,606.0,55653.0
C100774,K700774,Mass,Moscow,113220.0,53040.0,-43518.0,49,636.0,11043.0
C100775,K700775,Mortgage,Moscow,164016.0,68741.0,-50113.0,60,698.0,130863.0
C100776,K700776,SME,Siberia,2183274.0,229888.0,96466.0,7,671.0,2289376.0
C100777,K700777,Mass,South,1060094.0,96330.0,57933.0,92,750.0,1448762.0
C100778,K700778,Mortgage,Far East,326440.0,106115.0,29881.0,0,801.0,408878.0
C100779,K700779,Mortgage,South,451917.0,96739.0,19024.0,5,607.0,619842.0
C100780,K700780,Mass,South,469397.0,128767.0,-20119.0,33,628.0,570838.0
C100781,K700781,Car loans,Saint Petersburg,109066.0,60747.0,-4817.0,2,568.0,122719.0
C100782,K700782,Premium,Volga,199163.0,26248.0,25219.0,0,850.0,3230.0
C100783,K700783,SME,Saint Petersburg,559188.0,60787.0,16133.0,0,716.0,560174.0
C100784,K700784,Car loans,Ural,822525.0,95347.0,37954.0,5,731.0,158559.0
C100785,K700785,Premium,South,246723.0,42770.0,-21003.0,21,576.0,23159.0
C100786,K700786,Mortgage,Saint Petersburg,464840.0,61122.0,-16196.0,91,690.0,116331.0
C100787,K700787,Mass,Ural,122876.0,48470.0,12254.0,0,733.0,161861.0
C100788,K700788,Mortgage,Saint Petersburg,415913.0,130081.0,5385.0,6,669.0,495003.0
C100789,K700789,SME,Moscow,1089342.0,92712.0,-3144.0,92,781.0,1653660.0
C100790,K700790,Mass,Moscow,876211.0,88716.0,36745.0,45,850.0,1372464.0
C100791,K700791,Premium,Moscow,1019724.0,87529.0,68187.0,0,609.0,1457445.0
C100792,K700792,Mass,Far East,753749.0,65071.0,24689.0,13,603.0,160309.0
C100793,K700793,Mass,Volga,625111.0,72323.0,6523.0,0,615.0,878539.0
C100794,K700794,Mass,South,454595.0,38819.0,31999.0,4,827.0,609984.0
C100795,K700795,Mass,Siberia,150500.0,24738.0,18150.0,0,779.0,209757.0
C100796,K700796,Mass,Moscow,109007.0,70794.0,-30210.0,33,678.0,26456.0
C100797,K700797,Mass,Moscow,167528.0,76557.0,13695.0,0,693.0,31305.0
C100798,K700798,Mortgage,South,308365.0,114025.0,12699.0,0,621.0,455793.0
C100799,K700799,Mortgage,Saint Petersburg,342066.0,134202.0,26702.0,4,766.0,95136.0
